first_name,last_name,job_title,department,email,address,phone_number,salary,password
Nicholas,Arnold,Chemist,Patent examiner,cookjacqueline@example.net,794 Tammy Manor Apt. 776,+1-971-561-7276x52438,13555,wpPNssMb
April,Russell,Occupational hygienist,Chief Marketing Officer,william62@example.com,20066 Bob Land,786-525-8956,96378,rVCSvm9p
Michael,Whitaker,Pharmacist,Sports development officer,lmiranda@example.com,6997 Brittany Loaf Suite 328,419-700-7100,55940,9FVn1UzI
Scott,Hines,Engineer,Systems analyst,james18@example.com,349 Ellis Cliff,+1-635-680-6227x08277,20579,JHacUO6I
Susan,Long,Therapist,Operational researcher,seth61@example.org,7075 Melissa Center Suite 076,2194336398,42585,Y79wvKmN
David,Barker,Estate agent,Ambulance person,orodriguez@example.org,2209 Brenda Mount Apt. 880,508.866.0286,68952,iuVxK3kj
Susan,Hensley,Engineer,Geologist,bailey53@example.com,82659 Webb Terrace Suite 363,7495228604,68847,lzazDqlM
Julie,Lam,Technical author,Scientist,juliemontgomery@example.org,5495 Smith Lakes,+1-297-689-7396x92745,30896,EkKmZwp8
James,Lee,Investment banker,Data scientist,michael68@example.org,"PSC 7748, Box 2040",+1-798-628-4677x17886,8513,YCQ91mnT
Steven,Monroe,Engineer,Research officer,rsuarez@example.net,947 Carlos Inlet Suite 230,001-651-488-0064x09613,42858,kEf86zHa
Katherine,Jones,Designer,Marketing executive,bensondouglas@example.com,84943 Blackwell Mount,+1-214-636-3318x9804,18217,FIgsmF6X
Jodi,Curry,Secretary/administrator,Interior and spatial designer,jennaturner@example.org,2629 Connie Roads Apt. 390,383-530-2126x718,953,TwYtWO6x
Helen,Velasquez,Legal secretary,Technical brewer,erik35@example.net,639 Samantha Crossing Apt. 044,+1-916-741-0622,56124,DnX7IoY7
Jennifer,Sharp,Scientist,Early years teacher,darryl94@example.org,046 Hernandez Mountains Apt. 463,7799965694,9123,OUcZTSGC
Brenda,Jenkins,Event organiser,Teacher,kimberly21@example.com,Unit 9262 Box 3586,(372)759-9068x62635,94823,DHMyHkfK
Henry,Allen,Occupational hygienist,Radiographer,james29@example.net,20094 Bailey Common,001-675-795-0484,96246,lUfPFStQ
Stacey,Gonzalez,Personnel officer,Nurse,vargasrobert@example.org,054 Herbert Passage Apt. 235,001-605-247-4734,52304,jBZAoUUT
Krystal,Gaines,Environmental consultant,Tax adviser,lindseymcclain@example.net,208 Anthony Turnpike,+1-316-787-8205x6535,79278,Uc8UK2j1
Patrick,Wang,Careers adviser,Intelligence analyst,vnelson@example.com,2135 Madeline Camp Apt. 702,354-647-4804,32551,IpO8V7mi
Frank,Mcdaniel,Systems analyst,Designer,christineanderson@example.org,788 Allen Loop,241.536.0673x122,93901,wmkZ1mdV
Alicia,Whitehead,Retail merchandiser,Building surveyor,joshuasmith@example.com,4046 Pamela Estates Apt. 340,+1-592-600-9132x897,43821,YI3Umm49
Kelly,Potter,Therapist,Tax adviser,jonesjane@example.net,769 Candice Ports,579.511.8721x53572,9538,RCj3p2Sx
Cynthia,Cox,Geologist,Chartered accountant,annette76@example.net,99914 Dunn Point Suite 317,832.669.6383,8787,VTQcpQ6C
Benjamin,Thompson,Health visitor,Press sub,jgibson@example.com,9272 Bryant Coves Suite 379,706.629.7258x311,29774,v5duzotd
Chad,Johnson,Legal executive,Engineer,toddjennifer@example.net,24397 Gonzalez Club Suite 610,(382)616-4555,90619,fZl6zFty
Wesley,Miller,Horticultural consultant,Engineer,austintimothy@example.org,16130 Rebecca Island,+1-673-828-4341,96826,MSwJP2Jg
Douglas,Stanley,Therapeutic radiographer,Dealer,shawn65@example.net,5073 Ford Way Apt. 683,(395)689-2366x1899,98074,LWtSxZhq
Thomas,Mccall,Rural practice surveyor,Designer,ashleyhouston@example.com,820 Lopez Canyon Suite 307,+1-549-670-9288,49865,NaxxUr8U
Daniel,Perez,Equities trader,Copy,joshuasmith@example.net,436 Carmen Rest Apt. 670,+1-435-349-9947,87271,C9fAZWup
Bruce,Keller,Writer,Television camera operator,jasongarcia@example.org,9310 Kenneth Plains,+1-782-514-3065x2507,6091,g7XiMZHN
Jessica,Jackson,Translator,Communications engineer,sespinoza@example.org,93831 Michael Fields,001-308-631-9788,36983,TkDlxIlH
Alexandra,Erickson,Herpetologist,Engineer,wstrong@example.com,4261 Sanchez Terrace Apt. 875,(905)775-9156x19233,4194,dSHiLq2O
David,Maldonado,Radiographer,Surveyor,leetimothy@example.org,09881 Joshua Isle Suite 495,2126762042,62095,Nz38ZYE7
Rhonda,Johnson,Legal executive,Industrial/product designer,donnaroman@example.net,469 Rebecca Plaza Apt. 095,618.578.5647,58249,IiAlK26m
Samantha,Forbes,Surveyor,Solicitor,monroelarry@example.com,6562 Lee Mission,+1-247-580-8110x94267,69506,7ZAVS3Yj
Rita,Mccarty,Editor,Theatre stage manager,oross@example.net,89780 Cynthia Run Apt. 800,+1-383-399-2627x0397,61419,mmCC5RVM
Jennifer,Roberts,Psychotherapist,Engineer,laura88@example.org,1158 Sean Station,(839)409-5223,74203,vH4I3GK5
Kevin,Powers,Scientist,Legal executive,shawn91@example.net,1107 Sarah Harbors,416.425.8960,69825,ImTVWgce
Paul,Vasquez,Database administrator,Field seismologist,john37@example.org,3790 Amanda Mill Suite 862,+1-958-977-9164x37642,45067,iVVEHWOr
Karen,Owens,Holiday representative,Occupational psychologist,wagnerbruce@example.com,505 Harris Cove Apt. 823,+1-586-627-8501x446,97295,nJ4IJqk4
Zachary,Moore,Accountant,Librarian,prichardson@example.net,150 Chan Expressway,+1-654-338-6203x433,50540,F1AYXzXT
Ryan,Fleming,Engineer,English as a second language teacher,scottali@example.com,"PSC 1135, Box 2742",+1-818-623-8047x532,23367,97FTL1Du
Alexis,Mcdonald,Trade union research officer,Restaurant manager,martinezrussell@example.net,6637 Wang Square,588-769-8845x2192,45921,detOxEn9
Bradley,Jones,Careers adviser,Retail buyer,rpatel@example.com,15627 Gonzalez Light Apt. 497,001-913-625-4941x760,51120,9JGFVml5
Holly,Day,Database administrator,Accountant,cfletcher@example.org,"PSC 3041, Box 8999",804.781.8480x0082,52899,0WxdmC29
Joseph,Parrish,Therapist,Product/process development scientist,tiffanywood@example.org,427 Lisa Mountains Suite 317,001-347-614-3597x77723,46238,RanT2GBm
Joseph,Bailey,Mental health nurse,Trade union research officer,vazquezjason@example.net,57060 Jessica Harbors Suite 491,+1-393-971-2835x1160,12198,mivWxcLF
Erin,Thompson,Ranger/warden,Surveyor,qespinoza@example.org,7054 Lang Ways,001-327-226-4842x2223,7217,4m9XdDKw
Jerry,James,Printmaker,Careers information officer,edwardsmary@example.net,797 Desiree Coves,487.499.5138x6127,24791,S4svYfTo
John,Day,Armed forces technical officer,Geoscientist,robertopeters@example.com,07048 Krause Islands Suite 019,+1-878-902-3169x8960,42300,HE42CZS6
Rachael,Hensley,Scientist,Diagnostic radiographer,qmatthews@example.org,5787 Laurie Throughway Suite 296,(340)697-4359,94056,ZrqtDe9v
Rachael,Morgan,Sport and exercise psychologist,Engineer,jennifer82@example.org,7578 White Walk Suite 610,+1-661-783-4208x69306,27603,TypsXjZq
Jeremy,Nguyen,Commercial art gallery manager,Agricultural consultant,emily62@example.org,257 Elizabeth Springs,943.390.3500,18217,r9mP5qF1
Sara,Todd,Higher education lecturer,Scientist,matthew17@example.org,9082 Stanton Lock,270.389.5492x09721,56444,nZq2qmb7
Monica,Moore,Manufacturing engineer,Proofreader,brownjose@example.org,2357 Paula Roads Suite 937,+1-722-311-1024x9345,44445,VieLAPi7
Thomas,Waters,Architect,Quarry manager,kjohnson@example.com,7696 Lisa Roads Apt. 478,(216)940-4419x34857,5554,0jx0Y4So
Andrew,Martinez,Mechanical engineer,Sales executive,teresataylor@example.org,403 Ortiz View Apt. 401,(868)793-1324x6476,52209,iRjHUQwG
Kevin,Powell,Psychologist,Scientist,bdaniels@example.net,105 David Pines,+1-569-791-2114,934,ya0cvyGo
Jeffrey,Parks,Special educational needs teacher,Health service manager,spowell@example.net,2317 Castro Lake Apt. 299,4618237513,82551,uC3obyrE
Courtney,Potts,Textile designer,Brewing technologist,kevincampbell@example.org,988 Bradley Cove,(840)975-0286,27682,igVchxbJ
Brian,Johnson,Engineer,Learning mentor,curryronald@example.net,563 Ryan Cape,392.504.7460x4940,14818,0fH4oZ8e
Belinda,Fowler,Engineer,Multimedia programmer,whitedawn@example.com,6602 Barnett Parks Suite 227,233-533-7209x655,43167,sOkPbMsx
Kendra,Porter,Administrator,Journalist,lydia88@example.net,19563 Cynthia Lake,356.981.6792x046,14168,bO1Pw9cS
Amanda,Camacho,Aid worker,Camera operator,kirbyjennifer@example.com,"PSC 0665, Box 3500",(950)985-3614x4178,61849,pDbVKVXR
Alison,Armstrong,Surveyor,Sports development officer,robert43@example.org,69532 Thomas Inlet Apt. 188,001-786-431-3698x618,54936,UdOwh50I
Scott,Frederick,Museum/gallery conservator,Dentist,bwalker@example.org,347 Adam Glen Suite 924,861.491.2890,2832,DxEtMtGi
Hannah,Nguyen,Human resources officer,Local government officer,frankkimberly@example.com,19282 Vasquez Shores Suite 115,+1-791-864-8932x6620,78449,pfWGHXPS
James,Collier,English as a second language teacher,Sports therapist,bweber@example.org,"PSC 7020, Box 0724",540.230.6702,4814,xjMphSOy
Mitchell,Wiley,Applications developer,Designer,swright@example.com,018 Christopher Crescent Apt. 464,9464368098,32144,QaJ1JCxm
Melissa,Morgan,Engineer,Engineer,webbjoseph@example.com,3098 Williams Mill,937.567.0372x4428,5079,L0Ub88Wf
Molly,Nichols,Leisure centre manager,Land/geomatics surveyor,nbates@example.org,51487 Tracy Pine Apt. 602,(452)780-3794,46590,S4R64U3d
Jennifer,Miller,Learning disability nurse,Warden/ranger,frodriguez@example.org,393 Brady Via,3099636914,2315,IPTsvtUb
Stephanie,Allen,Drilling engineer,Naval architect,curtis63@example.org,8365 Jesse Run,+1-498-344-7709x38032,75831,eO70nwFy
Brian,Mitchell,Producer,Water quality scientist,robinsonjason@example.org,41066 Johnson Crescent,493-841-5835x4461,31245,WS4zeAmC
Krista,Obrien,Education officer,Public house manager,jenna57@example.net,796 Nicole Orchard,001-406-746-4468x6014,59021,YnqDNTYR
Dillon,Hartman,Nurse,Conservator,kanemartha@example.org,591 Jonathan Rapids Suite 254,(335)346-3685x1349,71278,8W9C7Y9N
Mark,Garcia,Volunteer coordinator,Control and instrumentation engineer,hbooth@example.com,7539 Kristina Freeway Suite 761,(247)784-7133,30350,oowRuLoD
Sherry,Buchanan,Oceanographer,Air cabin crew,gravesmegan@example.org,9677 Randy Islands,+1-680-917-0560x0568,92185,lLli5SZm
Katherine,Fisher,Therapist,Quantity surveyor,qmartin@example.org,2765 Allen Mills,(618)618-7645,58434,R7aNsp75
Carrie,Rios,Community education officer,Engineer,tatechristopher@example.org,8030 Carlos Burg Apt. 488,292.875.3059x78348,33306,GssJtdrg
Richard,Rios,Engineer,Scientist,ejensen@example.net,918 Tonya Skyway,882.608.2687,28083,9uezhUxm
Paula,Ellis,Proofreader,Chartered accountant,greenkelly@example.org,11564 Monique Brook Suite 855,715.639.4389,22271,pCNo6udO
Gina,Welch,Dancer,Designer,mturner@example.org,USS Bradford,932.226.4931x680,71933,dCst2PRk
Lisa,Chandler,Purchasing manager,Engineer,phernandez@example.com,710 Ryan Isle,955-893-3901x43496,45433,vp0GynlF
Morgan,Benton,Buyer,Engineer,oliverjill@example.org,6972 Catherine Summit Apt. 669,001-462-674-4562,18855,BPnd0TGU
Benjamin,Ellis,Advertising account planner,Planning and development surveyor,brian80@example.net,463 Perez Mountain,+1-262-992-6358x644,72513,XF7Eg5fa
Kathleen,Savage,Engineer,Office manager,ijordan@example.com,2860 Newton Mall Apt. 547,436.628.2475x12530,40400,Iu18Gjhg
Carl,Green,Therapist,Health promotion specialist,loriball@example.org,848 Huerta Neck,491-611-0234x16130,45969,d28yLQ3a
Amanda,Cooley,Music therapist,Diagnostic radiographer,travis97@example.org,9944 Jones Streets Suite 391,700-995-3468,68649,PXmywQs5
Keith,Wallace,Special educational needs teacher,Mental health nurse,millerpaul@example.com,64358 Rodriguez Skyway Suite 535,489.840.7846,16698,W2O8SKuQ
Brian,Johnson,Hotel manager,Politician's assistant,smithdanielle@example.org,71677 Thomas Unions Suite 575,001-902-863-1576x09411,11008,Bc2mkCv5
Joe,Wilson,Producer,Charity officer,brayjoshua@example.net,29936 Briggs Causeway Suite 571,256.616.3632x4696,45058,ydDyG9BW
Max,Lee,Heritage manager,Curator,tsnyder@example.com,8356 Dawson River Suite 697,773-398-6449,22826,hFjSew8R
Holly,Bruce,Media planner,Scientist,rowen@example.org,803 Mitchell Ramp Suite 554,(940)630-2541,88629,ywe4xNhh
Charlotte,Patton,Event organiser,Commissioning editor,justingreen@example.com,15595 Michael Underpass Apt. 827,338.523.1543x8592,67427,am4W9dqA
Barbara,Harrell,Planning and development surveyor,Politician's assistant,howardrebecca@example.org,4041 Smith Plaza,001-535-794-4430,60208,Ex3Bf9GC
George,Murphy,Ranger/warden,Armed forces operational officer,jamie78@example.net,Unit 7034 Box 5780,(567)663-8371,5826,fDfcOd3u
Zachary,Hansen,Waste management officer,Chemist,leemary@example.com,27969 Collins Passage Suite 135,725.521.4195x1191,54903,T8JDrqsP
Sylvia,Flores,Editor,Biomedical engineer,ivincent@example.com,25253 Davis Fields Suite 729,+1-795-663-3444x9327,38988,cHOgdZmA
Joshua,Mckinney,Higher education careers adviser,Engineer,jjohnson@example.org,4672 White Inlet,9305718442,12865,ZmtLAPCf
